<beans xmlns="http://www.springframework.org/schema/beans"
	xmlns:context="http://www.springframework.org/schema/context"
	xmlns:xsi="http://www.w3.org/2001/XMLSchema-instance"
	xmlns:mvc="http://www.springframework.org/schema/mvc"
	xsi:schemaLocation="
        http://www.springframework.org/schema/beans     
        http://www.springframework.org/schema/beans/spring-beans.xsd
        http://www.springframework.org/schema/context 
        http://www.springframework.org/schema/context/spring-context.xsd
        http://www.springframework.org/schema/mvc
        http://www.springframework.org/schema/mvc/spring-mvc.xsd">
	

  	<context:component-scan base-package="com.mindtree.controller" />
 	<mvc:annotation-driven/>
		
		<!-- view resolver -->
			  <bean id="viewResolver"
			    	class="org.springframework.web.servlet.view.InternalResourceViewResolver" >
			        <property name="prefix">
			            <value>/WEB-INF/</value>
			        </property>
			        <property name="suffix">
			            <value>.jsp</value>
			        </property>
			 </bean>
</beans>
