
<beans:beans xmlns="http://www.springframework.org/schema/security"
	xmlns:beans="http://www.springframework.org/schema/beans" xmlns:xsi="http://www.w3.org/2001/XMLSchema-instance"
	xsi:schemaLocation="http://www.springframework.org/schema/beans
	http://www.springframework.org/schema/beans/spring-beans-4.0.xsd
	http://www.springframework.org/schema/security
	http://www.springframework.org/schema/security/spring-security-4.2.xsd">

	<http auto-config="true">
		<intercept-url pattern="/admin" access="hasRole('ROLE_USER')" />
		<intercept-url pattern="/j_spring_security_check" access="permitAll" />
		<!-- 
		<intercept-url pattern="/login" access="permitAll" />
		<intercept-url pattern="/j_spring_security_logout" access="permitAll" /> -->
		
		<form-login login-page="/login" default-target-url="/admin"
			authentication-failure-url="/login?error" username-parameter="username"
			password-parameter="password" />
		<logout logout-success-url="/" logout-url="/j_spring_security_logout" />
		
		<csrf />
	</http>

	<authentication-manager>
		<authentication-provider>
			<user-service>
				<user name="bhagya" password="bhagi123" authorities="ROLE_USER" />
			</user-service>
		</authentication-provider>
	</authentication-manager>

</beans:beans>